Date,SeasonType,Season,Week,Team,Opponent,HomeOrAway,Score,OpponentScore,TotalScore,Stadium,ScoreQuarter1,ScoreQuarter2,ScoreQuarter3,ScoreQuarter4,ScoreOvertime,DayOfWeek,TeamID,OpponentID,ScoreID
9/10/20 20:20,1,2020,1,HOU,KC,AWAY,20,34,54,Arrowhead Stadium,7,0,0,13,0,Thursday,13,16,17263
9/10/20 20:20,1,2020,1,KC,HOU,HOME,34,20,54,Arrowhead Stadium,0,17,7,10,0,Thursday,16,13,17263
9/13/20 13:00,1,2020,1,GB,MIN,AWAY,43,34,77,U.S. Bank Stadium,3,19,7,14,0,Sunday,12,20,17267
9/13/20 13:00,1,2020,1,MIN,GB,HOME,34,43,77,U.S. Bank Stadium,7,3,0,24,0,Sunday,20,12,17267
9/13/20 13:00,1,2020,1,LV,CAR,AWAY,34,30,64,Bank of America Stadium,7,10,10,7,0,Sunday,25,5,17270
9/13/20 13:00,1,2020,1,CAR,LV,HOME,30,34,64,Bank of America Stadium,9,6,0,15,0,Sunday,5,25,17270
9/13/20 13:00,1,2020,1,NYJ,BUF,AWAY,17,27,44,Bills Stadium,0,3,7,7,0,Sunday,24,4,17265
9/13/20 13:00,1,2020,1,BUF,NYJ,HOME,27,17,44,Bills Stadium,14,7,0,6,0,Sunday,4,24,17265
9/13/20 13:00,1,2020,1,CHI,DET,AWAY,27,23,50,Ford Field,3,3,0,21,0,Sunday,6,11,17266
9/13/20 13:00,1,2020,1,DET,CHI,HOME,23,27,50,Ford Field,3,10,10,0,0,Sunday,11,6,17266
9/13/20 13:00,1,2020,1,MIA,NE,AWAY,11,21,32,Gillette Stadium,0,3,0,8,0,Sunday,19,21,17268
9/13/20 13:00,1,2020,1,NE,MIA,HOME,21,11,32,Gillette Stadium,0,7,7,7,0,Sunday,21,19,17268
9/13/20 13:00,1,2020,1,CLE,BAL,AWAY,6,38,44,M&T Bank Stadium,6,0,0,0,0,Sunday,8,3,17272
9/13/20 13:00,1,2020,1,BAL,CLE,HOME,38,6,44,M&T Bank Stadium,10,14,7,7,0,Sunday,3,8,17272
9/13/20 13:00,1,2020,1,SEA,ATL,AWAY,38,25,63,Mercedes-Benz Stadium,14,0,14,10,0,Sunday,30,2,17264
9/13/20 13:00,1,2020,1,ATL,SEA,HOME,25,38,63,Mercedes-Benz Stadium,3,9,0,13,0,Sunday,2,30,17264
9/13/20 13:00,1,2020,1,IND,JAX,AWAY,20,27,47,TIAA Bank Field,7,10,0,3,0,Sunday,14,15,17271
9/13/20 13:00,1,2020,1,JAX,IND,HOME,27,20,47,TIAA Bank Field,0,14,3,10,0,Sunday,15,14,17271
9/13/20 13:00,1,2020,1,PHI,WAS,AWAY,17,27,44,FedEx Field,10,7,0,0,0,Sunday,26,35,17269
9/13/20 13:00,1,2020,1,WAS,PHI,HOME,27,17,44,FedEx Field,0,7,7,13,0,Sunday,35,26,17269
9/13/20 16:05,1,2020,1,LAC,CIN,AWAY,16,13,29,Paul Brown Stadium,0,6,0,10,0,Sunday,29,7,17273
9/13/20 16:05,1,2020,1,CIN,LAC,HOME,13,16,29,Paul Brown Stadium,7,0,6,0,0,Sunday,7,29,17273
9/13/20 16:25,1,2020,1,TB,NO,AWAY,23,34,57,Mercedes-Benz Superdome,7,0,10,6,0,Sunday,33,22,17274
9/13/20 16:25,1,2020,1,NO,TB,HOME,34,23,57,Mercedes-Benz Superdome,0,17,7,10,0,Sunday,22,33,17274
9/13/20 16:25,1,2020,1,ARI,SF,AWAY,24,20,44,Levi's Stadium,7,3,0,14,0,Sunday,1,31,17275
9/13/20 16:25,1,2020,1,SF,ARI,HOME,20,24,44,Levi's Stadium,10,3,0,7,0,Sunday,31,1,17275
9/13/20 20:20,1,2020,1,DAL,LAR,AWAY,17,20,37,SoFi Stadium,0,14,3,0,0,Sunday,9,32,17276
9/13/20 20:20,1,2020,1,LAR,DAL,HOME,20,17,37,SoFi Stadium,7,6,7,0,0,Sunday,32,9,17276
9/14/20 19:10,1,2020,1,PIT,NYG,AWAY,26,16,42,MetLife Stadium,3,13,0,10,0,Monday,28,23,17277
9/14/20 19:10,1,2020,1,NYG,PIT,HOME,16,26,42,MetLife Stadium,3,7,0,6,0,Monday,23,28,17277
9/14/20 22:20,1,2020,1,TEN,DEN,AWAY,16,14,30,Empower Field at Mile High,0,7,0,9,0,Monday,34,10,17278
9/14/20 22:20,1,2020,1,DEN,TEN,HOME,14,16,30,Empower Field at Mile High,7,0,0,7,0,Monday,10,34,17278
9/17/20 20:20,1,2020,2,CIN,CLE,AWAY,30,35,65,FirstEnergy Stadium,3,10,3,14,0,Thursday,7,8,17279
9/17/20 20:20,1,2020,2,CLE,CIN,HOME,35,30,65,FirstEnergy Stadium,7,14,7,7,0,Thursday,8,7,17279
9/20/20 13:00,1,2020,2,ATL,DAL,AWAY,39,40,79,AT&T Stadium,20,9,0,10,0,Sunday,2,9,17281
9/20/20 13:00,1,2020,2,DAL,ATL,HOME,40,39,79,AT&T Stadium,0,10,14,16,0,Sunday,9,2,17281
9/20/20 13:00,1,2020,2,CAR,TB,AWAY,17,31,48,Raymond James Stadium,0,0,7,10,0,Sunday,5,33,17289
9/20/20 13:00,1,2020,2,TB,CAR,HOME,31,17,48,Raymond James Stadium,14,7,0,10,0,Sunday,33,5,17289
9/20/20 13:00,1,2020,2,JAX,TEN,AWAY,30,33,63,Nissan Stadium,7,3,7,13,0,Sunday,15,34,17283
9/20/20 13:00,1,2020,2,TEN,JAX,HOME,33,30,63,Nissan Stadium,14,10,6,3,0,Sunday,34,15,17283
9/20/20 13:00,1,2020,2,SF,NYJ,AWAY,31,13,44,MetLife Stadium,7,14,3,7,0,Sunday,31,24,17286
9/20/20 13:00,1,2020,2,NYJ,SF,HOME,13,31,44,MetLife Stadium,3,0,3,7,0,Sunday,24,31,17286
9/20/20 13:00,1,2020,2,DEN,PIT,AWAY,21,26,47,Heinz Field,0,3,11,7,0,Sunday,10,28,17288
9/20/20 13:00,1,2020,2,PIT,DEN,HOME,26,21,47,Heinz Field,7,10,0,9,0,Sunday,28,10,17288
9/20/20 13:00,1,2020,2,DET,GB,AWAY,21,42,63,Lambeau Field,14,0,0,7,0,Sunday,11,12,17282
9/20/20 13:00,1,2020,2,GB,DET,HOME,42,21,63,Lambeau Field,3,14,17,8,0,Sunday,12,11,17282
9/20/20 13:00,1,2020,2,LAR,PHI,AWAY,37,19,56,Lincoln Financial Field,14,7,3,13,0,Sunday,32,26,17287
9/20/20 13:00,1,2020,2,PHI,LAR,HOME,19,37,56,Lincoln Financial Field,3,13,0,3,0,Sunday,26,32,17287
9/20/20 13:00,1,2020,2,NYG,CHI,AWAY,13,17,30,Soldier Field,0,0,3,10,0,Sunday,23,6,17280
9/20/20 13:00,1,2020,2,CHI,NYG,HOME,17,13,30,Soldier Field,10,7,0,0,0,Sunday,6,23,17280
9/20/20 13:00,1,2020,2,MIN,IND,AWAY,11,28,39,Lucas Oil Stadium,3,0,0,8,0,Sunday,20,14,17284
9/20/20 13:00,1,2020,2,IND,MIN,HOME,28,11,39,Lucas Oil Stadium,0,15,3,10,0,Sunday,14,20,17284
9/20/20 13:00,1,2020,2,BUF,MIA,AWAY,31,28,59,Hard Rock Stadium,7,10,0,14,0,Sunday,4,19,17285
9/20/20 13:00,1,2020,2,MIA,BUF,HOME,28,31,59,Hard Rock Stadium,7,3,3,15,0,Sunday,19,4,17285
9/20/20 16:05,1,2020,2,WAS,ARI,AWAY,15,30,45,State Farm Stadium,0,0,3,12,0,Sunday,35,1,17290
9/20/20 16:05,1,2020,2,ARI,WAS,HOME,30,15,45,State Farm Stadium,14,6,0,10,0,Sunday,1,35,17290
9/20/20 16:25,1,2020,2,KC,LAC,AWAY,23,20,43,SoFi Stadium,0,6,3,11,3,Sunday,16,29,17291
9/20/20 16:25,1,2020,2,LAC,KC,HOME,20,23,43,SoFi Stadium,7,7,3,3,0,Sunday,29,16,17291
9/20/20 16:25,1,2020,2,BAL,HOU,AWAY,33,16,49,NRG Stadium,3,17,3,10,0,Sunday,3,13,17292
9/20/20 16:25,1,2020,2,HOU,BAL,HOME,16,33,49,NRG Stadium,0,10,0,6,0,Sunday,13,3,17292
9/20/20 20:20,1,2020,2,NE,SEA,AWAY,30,35,65,CenturyLink Field,7,7,3,13,0,Sunday,21,30,17293
9/20/20 20:20,1,2020,2,SEA,NE,HOME,35,30,65,CenturyLink Field,7,7,14,7,0,Sunday,30,21,17293
9/21/20 20:15,1,2020,2,NO,LV,AWAY,24,34,58,Allegiant Stadium,10,7,0,7,0,Monday,22,25,17294
9/21/20 20:15,1,2020,2,LV,NO,HOME,34,24,58,Allegiant Stadium,0,17,7,10,0,Monday,25,22,17294
9/24/20 20:20,1,2020,3,MIA,JAX,AWAY,31,13,44,TIAA Bank Field,14,7,7,3,0,Thursday,19,15,17295
9/24/20 20:20,1,2020,3,JAX,MIA,HOME,13,31,44,TIAA Bank Field,0,7,0,6,0,Thursday,15,19,17295
9/27/20 13:00,1,2020,3,WAS,CLE,AWAY,20,34,54,FirstEnergy Stadium,7,0,13,0,0,Sunday,35,8,17298
9/27/20 13:00,1,2020,3,CLE,WAS,HOME,34,20,54,FirstEnergy Stadium,0,17,0,17,0,Sunday,8,35,17298
9/27/20 13:00,1,2020,3,CIN,PHI,AWAY,23,23,46,Lincoln Financial Field,0,10,7,6,0,Sunday,7,26,17302
9/27/20 13:00,1,2020,3,PHI,CIN,HOME,23,23,46,Lincoln Financial Field,0,13,3,7,0,Sunday,26,7,17302
9/27/20 13:00,1,2020,3,HOU,PIT,AWAY,21,28,49,Heinz Field,7,14,0,0,0,Sunday,13,28,17303
9/27/20 13:00,1,2020,3,PIT,HOU,HOME,28,21,49,Heinz Field,3,14,3,8,0,Sunday,28,13,17303
9/27/20 13:00,1,2020,3,LV,NE,AWAY,20,36,56,Gillette Stadium,3,7,0,10,0,Sunday,25,21,17300
9/27/20 13:00,1,2020,3,NE,LV,HOME,36,20,56,Gillette Stadium,0,13,10,13,0,Sunday,21,25,17300
9/27/20 13:00,1,2020,3,CHI,ATL,AWAY,30,26,56,Mercedes-Benz Stadium,3,7,0,20,0,Sunday,6,2,17296
9/27/20 13:00,1,2020,3,ATL,CHI,HOME,26,30,56,Mercedes-Benz Stadium,6,10,10,0,0,Sunday,2,6,17296
9/27/20 13:00,1,2020,3,TEN,MIN,AWAY,31,30,61,U.S. Bank Stadium,6,3,16,6,0,Sunday,34,20,17299
9/27/20 13:00,1,2020,3,MIN,TEN,HOME,30,31,61,U.S. Bank Stadium,7,10,7,6,0,Sunday,20,34,17299
9/27/20 13:00,1,2020,3,SF,NYG,AWAY,36,9,45,MetLife Stadium,6,10,7,13,0,Sunday,31,23,17301
9/27/20 13:00,1,2020,3,NYG,SF,HOME,9,36,45,MetLife Stadium,0,6,3,0,0,Sunday,23,31,17301
9/27/20 13:00,1,2020,3,LAR,BUF,AWAY,32,35,67,Bills Stadium,0,3,14,15,0,Sunday,32,4,17297
9/27/20 13:00,1,2020,3,BUF,LAR,HOME,35,32,67,Bills Stadium,7,14,7,7,0,Sunday,4,32,17297
9/27/20 16:05,1,2020,3,NYJ,IND,AWAY,7,36,43,Lucas Oil Stadium,7,0,0,0,0,Sunday,24,14,17304
9/27/20 16:05,1,2020,3,IND,NYJ,HOME,36,7,43,Lucas Oil Stadium,7,10,14,5,0,Sunday,14,24,17304
9/27/20 16:05,1,2020,3,CAR,LAC,AWAY,21,16,37,SoFi Stadium,6,12,0,3,0,Sunday,5,29,17305
9/27/20 16:05,1,2020,3,LAC,CAR,HOME,16,21,37,SoFi Stadium,0,7,3,6,0,Sunday,29,5,17305
9/27/20 16:25,1,2020,3,TB,DEN,AWAY,28,10,38,Empower Field at Mile High,10,13,5,0,0,Sunday,33,10,17306
9/27/20 16:25,1,2020,3,DEN,TB,HOME,10,28,38,Empower Field at Mile High,0,10,0,0,0,Sunday,10,33,17306
9/27/20 16:25,1,2020,3,DAL,SEA,AWAY,31,38,69,CenturyLink Field,9,6,7,9,0,Sunday,9,30,17308
9/27/20 16:25,1,2020,3,SEA,DAL,HOME,38,31,69,CenturyLink Field,9,14,7,8,0,Sunday,30,9,17308
9/27/20 16:25,1,2020,3,DET,ARI,AWAY,26,23,49,State Farm Stadium,3,14,3,6,0,Sunday,11,1,17307
9/27/20 16:25,1,2020,3,ARI,DET,HOME,23,26,49,State Farm Stadium,7,6,10,0,0,Sunday,1,11,17307
9/27/20 20:20,1,2020,3,GB,NO,AWAY,37,30,67,Mercedes-Benz Superdome,3,10,14,10,0,Sunday,12,22,17309
9/27/20 20:20,1,2020,3,NO,GB,HOME,30,37,67,Mercedes-Benz Superdome,7,10,10,3,0,Sunday,22,12,17309
9/28/20 20:15,1,2020,3,KC,BAL,AWAY,34,20,54,M&T Bank Stadium,6,21,0,7,0,Monday,16,3,17310
9/28/20 20:15,1,2020,3,BAL,KC,HOME,20,34,54,M&T Bank Stadium,3,7,3,7,0,Monday,3,16,17310
10/1/20 20:20,1,2020,4,DEN,NYJ,AWAY,37,28,65,MetLife Stadium,3,14,7,13,0,Thursday,10,24,17311
10/1/20 20:20,1,2020,4,NYJ,DEN,HOME,28,37,65,MetLife Stadium,7,6,3,12,0,Thursday,24,10,17311
10/4/20 13:00,1,2020,4,SEA,MIA,AWAY,31,23,54,Hard Rock Stadium,10,7,0,14,0,Sunday,30,19,17317
10/4/20 13:00,1,2020,4,MIA,SEA,HOME,23,31,54,Hard Rock Stadium,3,6,3,11,0,Sunday,19,30,17317
10/4/20 13:00,1,2020,4,ARI,CAR,AWAY,21,31,52,Bank of America Stadium,0,7,7,7,0,Sunday,1,5,17320
10/4/20 13:00,1,2020,4,CAR,ARI,HOME,31,21,52,Bank of America Stadium,14,7,7,3,0,Sunday,5,1,17320
10/4/20 13:00,1,2020,4,CLE,DAL,AWAY,49,38,87,AT&T Stadium,7,24,10,8,0,Sunday,8,9,17314
10/4/20 13:00,1,2020,4,DAL,CLE,HOME,38,49,87,AT&T Stadium,14,0,0,24,0,Sunday,9,8,17314
10/4/20 13:00,1,2020,4,BAL,WAS,AWAY,31,17,48,FedEx Field,7,14,7,3,0,Sunday,3,35,17319
10/4/20 13:00,1,2020,4,WAS,BAL,HOME,17,31,48,FedEx Field,0,10,0,7,0,Sunday,35,3,17319
10/4/20 13:00,1,2020,4,NO,DET,AWAY,35,29,64,Ford Field,7,21,7,0,0,Sunday,22,11,17315
10/4/20 13:00,1,2020,4,DET,NO,HOME,29,35,64,Ford Field,14,0,7,8,0,Sunday,11,22,17315
10/4/20 13:00,1,2020,4,JAX,CIN,AWAY,25,33,58,Paul Brown Stadium,7,6,0,12,0,Sunday,15,7,17313
10/4/20 13:00,1,2020,4,CIN,JAX,HOME,33,25,58,Paul Brown Stadium,3,7,17,6,0,Sunday,7,15,17313
10/4/20 13:00,1,2020,4,LAC,TB,AWAY,31,38,69,Raymond James Stadium,14,10,7,0,0,Sunday,29,33,17318
10/4/20 13:00,1,2020,4,TB,LAC,HOME,38,31,69,Raymond James Stadium,7,7,14,10,0,Sunday,33,29,17318
10/4/20 13:00,1,2020,4,MIN,HOU,AWAY,31,23,54,NRG Stadium,7,10,7,7,0,Sunday,20,13,17321
10/4/20 13:00,1,2020,4,HOU,MIN,HOME,23,31,54,NRG Stadium,0,6,10,7,0,Sunday,13,20,17321
10/4/20 16:05,1,2020,4,NYG,LAR,AWAY,9,17,26,SoFi Stadium,0,6,0,3,0,Sunday,23,32,17322
10/4/20 16:05,1,2020,4,LAR,NYG,HOME,17,9,26,SoFi Stadium,7,3,0,7,0,Sunday,32,23,17322
10/4/20 16:25,1,2020,4,IND,CHI,AWAY,19,11,30,Soldier Field,7,6,3,3,0,Sunday,14,6,17312
10/4/20 16:25,1,2020,4,CHI,IND,HOME,11,19,30,Soldier Field,0,3,0,8,0,Sunday,6,14,17312
10/4/20 16:25,1,2020,4,BUF,LV,AWAY,30,23,53,Allegiant Stadium,7,10,0,13,0,Sunday,4,25,17324
10/4/20 16:25,1,2020,4,LV,BUF,HOME,23,30,53,Allegiant Stadium,3,10,3,7,0,Sunday,25,4,17324
10/4/20 20:20,1,2020,4,PHI,SF,AWAY,25,20,45,Levi's Stadium,8,0,3,14,0,Sunday,26,31,17325
10/4/20 20:20,1,2020,4,SF,PHI,HOME,20,25,45,Levi's Stadium,7,0,7,6,0,Sunday,31,26,17325
10/5/20 19:05,1,2020,4,NE,KC,AWAY,10,26,36,Arrowhead Stadium,0,3,0,7,0,Monday,21,16,17323
10/5/20 19:05,1,2020,4,KC,NE,HOME,26,10,36,Arrowhead Stadium,6,0,7,13,0,Monday,16,21,17323
10/5/20 21:00,1,2020,4,ATL,GB,AWAY,16,30,46,Lambeau Field,0,3,6,7,0,Monday,2,12,17326
10/5/20 21:00,1,2020,4,GB,ATL,HOME,30,16,46,Lambeau Field,7,13,7,3,0,Monday,12,2,17326
10/8/20 20:20,1,2020,5,TB,CHI,AWAY,19,20,39,Soldier Field,10,3,3,3,0,Thursday,33,6,17327
10/8/20 20:20,1,2020,5,CHI,TB,HOME,20,19,39,Soldier Field,0,14,0,6,0,Thursday,6,33,17327
10/11/20 13:00,1,2020,5,CAR,ATL,AWAY,23,16,39,Mercedes-Benz Stadium,3,17,0,3,0,Sunday,5,2,17328
10/11/20 13:00,1,2020,5,ATL,CAR,HOME,16,23,39,Mercedes-Benz Stadium,7,0,3,6,0,Sunday,2,5,17328
10/11/20 13:00,1,2020,5,ARI,NYJ,AWAY,30,10,40,MetLife Stadium,7,10,7,6,0,Sunday,1,24,17332
10/11/20 13:00,1,2020,5,NYJ,ARI,HOME,10,30,40,MetLife Stadium,0,3,7,0,0,Sunday,24,1,17332
10/11/20 13:00,1,2020,5,PHI,PIT,AWAY,29,38,67,Heinz Field,7,7,8,7,0,Sunday,26,28,17333
10/11/20 13:00,1,2020,5,PIT,PHI,HOME,38,29,67,Heinz Field,7,10,14,7,0,Sunday,28,26,17333
10/11/20 13:00,1,2020,5,CIN,BAL,AWAY,3,27,30,M&T Bank Stadium,0,0,0,3,0,Sunday,7,3,17335
10/11/20 13:00,1,2020,5,BAL,CIN,HOME,27,3,30,M&T Bank Stadium,10,7,3,7,0,Sunday,3,7,17335
10/11/20 13:00,1,2020,5,LAR,WAS,AWAY,30,10,40,FedEx Field,6,14,3,7,0,Sunday,32,35,17334
10/11/20 13:00,1,2020,5,WAS,LAR,HOME,10,30,40,FedEx Field,7,3,0,0,0,Sunday,35,32,17334
10/11/20 13:00,1,2020,5,LV,KC,AWAY,40,32,72,Arrowhead Stadium,3,21,0,16,0,Sunday,25,16,17330
10/11/20 13:00,1,2020,5,KC,LV,HOME,32,40,72,Arrowhead Stadium,7,17,0,8,0,Sunday,16,25,17330
10/11/20 13:00,1,2020,5,JAX,HOU,AWAY,14,30,44,NRG Stadium,0,7,0,7,0,Sunday,15,13,17336
10/11/20 13:00,1,2020,5,HOU,JAX,HOME,30,14,44,NRG Stadium,0,10,3,17,0,Sunday,13,15,17336
10/11/20 16:05,1,2020,5,MIA,SF,AWAY,43,17,60,Levi's Stadium,14,16,7,6,0,Sunday,19,31,17337
10/11/20 16:05,1,2020,5,SF,MIA,HOME,17,43,60,Levi's Stadium,0,7,10,0,0,Sunday,31,19,17337
10/11/20 16:25,1,2020,5,IND,CLE,AWAY,23,32,55,FirstEnergy Stadium,7,3,10,3,0,Sunday,14,8,17338
10/11/20 16:25,1,2020,5,CLE,IND,HOME,32,23,55,FirstEnergy Stadium,3,17,7,5,0,Sunday,8,14,17338
10/11/20 16:25,1,2020,5,NYG,DAL,AWAY,34,37,71,AT&T Stadium,14,6,3,11,0,Sunday,23,9,17339
10/11/20 16:25,1,2020,5,DAL,NYG,HOME,37,34,71,AT&T Stadium,3,21,7,6,0,Sunday,9,23,17339
10/11/20 20:20,1,2020,5,MIN,SEA,AWAY,26,27,53,CenturyLink Field,7,6,6,7,0,Sunday,20,30,17340
10/11/20 20:20,1,2020,5,SEA,MIN,HOME,27,26,53,CenturyLink Field,0,0,21,6,0,Sunday,30,20,17340
10/12/20 20:15,1,2020,5,LAC,NO,AWAY,27,30,57,Mercedes-Benz Superdome,6,14,0,7,0,Monday,29,22,17341
10/12/20 20:15,1,2020,5,NO,LAC,HOME,30,27,57,Mercedes-Benz Superdome,3,7,3,14,3,Monday,22,29,17341
10/13/20 19:00,1,2020,5,BUF,TEN,AWAY,16,42,58,Nissan Stadium,7,3,0,6,0,Tuesday,4,34,17329
10/13/20 19:00,1,2020,5,TEN,BUF,HOME,42,16,58,Nissan Stadium,7,14,7,14,0,Tuesday,34,4,17329
10/18/20 13:00,1,2020,6,CHI,CAR,AWAY,23,16,39,Bank of America Stadium,7,6,7,3,0,Sunday,6,5,17349
10/18/20 13:00,1,2020,6,CAR,CHI,HOME,16,23,39,Bank of America Stadium,3,3,0,10,0,Sunday,5,6,17349
10/18/20 13:00,1,2020,6,WAS,NYG,AWAY,19,20,39,MetLife Stadium,0,10,0,9,0,Sunday,35,23,17346
10/18/20 13:00,1,2020,6,NYG,WAS,HOME,20,19,39,MetLife Stadium,10,3,0,7,0,Sunday,23,35,17346
10/18/20 13:00,1,2020,6,BAL,PHI,AWAY,30,28,58,Lincoln Financial Field,14,3,7,6,0,Sunday,3,26,17347
10/18/20 13:00,1,2020,6,PHI,BAL,HOME,28,30,58,Lincoln Financial Field,0,0,6,22,0,Sunday,26,3,17347
10/18/20 13:00,1,2020,6,DEN,NE,AWAY,18,12,30,Gillette Stadium,6,6,6,0,0,Sunday,10,21,17578
10/18/20 13:00,1,2020,6,NE,DEN,HOME,12,18,30,Gillette Stadium,0,3,0,9,0,Sunday,21,10,17578
10/18/20 13:00,1,2020,6,ATL,MIN,AWAY,40,23,63,U.S. Bank Stadium,10,10,10,10,0,Sunday,2,20,17345
10/18/20 13:00,1,2020,6,MIN,ATL,HOME,23,40,63,U.S. Bank Stadium,0,0,7,16,0,Sunday,20,2,17345
10/18/20 13:00,1,2020,6,CLE,PIT,AWAY,7,38,45,Heinz Field,0,7,0,0,0,Sunday,8,28,17348
10/18/20 13:00,1,2020,6,PIT,CLE,HOME,38,7,45,Heinz Field,10,14,7,7,0,Sunday,28,8,17348
10/18/20 13:00,1,2020,6,CIN,IND,AWAY,27,31,58,Lucas Oil Stadium,14,10,3,0,0,Sunday,7,14,17344
10/18/20 13:00,1,2020,6,IND,CIN,HOME,31,27,58,Lucas Oil Stadium,0,21,0,10,0,Sunday,14,7,17344
10/18/20 13:00,1,2020,6,HOU,TEN,AWAY,36,42,78,Nissan Stadium,0,10,13,13,0,Sunday,13,34,17343
10/18/20 13:00,1,2020,6,TEN,HOU,HOME,42,36,78,Nissan Stadium,14,7,0,15,6,Sunday,34,13,17343
10/18/20 13:00,1,2020,6,DET,JAX,AWAY,34,16,50,TIAA Bank Field,7,10,7,10,0,Sunday,11,15,17350
10/18/20 13:00,1,2020,6,JAX,DET,HOME,16,34,50,TIAA Bank Field,3,0,7,6,0,Sunday,15,11,17350
10/18/20 16:05,1,2020,6,NYJ,MIA,AWAY,0,24,24,Hard Rock Stadium,0,0,0,0,0,Sunday,24,19,17639
10/18/20 16:05,1,2020,6,MIA,NYJ,HOME,24,0,24,Hard Rock Stadium,7,14,3,0,0,Sunday,19,24,17639
10/18/20 16:25,1,2020,6,GB,TB,AWAY,10,38,48,Raymond James Stadium,10,0,0,0,0,Sunday,12,33,17353
10/18/20 16:25,1,2020,6,TB,GB,HOME,38,10,48,Raymond James Stadium,0,28,10,0,0,Sunday,33,12,17353
10/18/20 20:20,1,2020,6,LAR,SF,AWAY,16,24,40,Levi's Stadium,0,6,3,7,0,Sunday,32,31,17354
10/18/20 20:20,1,2020,6,SF,LAR,HOME,24,16,40,Levi's Stadium,7,14,0,3,0,Sunday,31,32,17354
10/19/20 17:00,1,2020,6,KC,BUF,AWAY,26,17,43,Bills Stadium,7,6,7,6,0,Monday,16,4,17342
10/19/20 17:00,1,2020,6,BUF,KC,HOME,17,26,43,Bills Stadium,3,7,0,7,0,Monday,4,16,17342
10/19/20 20:15,1,2020,6,ARI,DAL,AWAY,38,10,48,AT&T Stadium,0,21,7,10,0,Monday,1,9,17355
10/19/20 20:15,1,2020,6,DAL,ARI,HOME,10,38,48,AT&T Stadium,0,3,0,7,0,Monday,9,1,17355
10/22/20 20:20,1,2020,7,NYG,PHI,AWAY,21,22,43,Lincoln Financial Field,7,0,7,7,0,Thursday,23,26,17356
10/22/20 20:20,1,2020,7,PHI,NYG,HOME,22,21,43,Lincoln Financial Field,7,3,0,12,0,Thursday,26,23,17356
10/25/20 13:00,1,2020,7,GB,HOU,AWAY,35,20,55,NRG Stadium,7,14,7,7,0,Sunday,12,13,17364
10/25/20 13:00,1,2020,7,HOU,GB,HOME,20,35,55,NRG Stadium,0,0,7,13,0,Sunday,13,12,17364
10/25/20 13:00,1,2020,7,DAL,WAS,AWAY,3,25,28,FedEx Field,3,0,0,0,0,Sunday,9,35,17362
10/25/20 13:00,1,2020,7,WAS,DAL,HOME,25,3,28,FedEx Field,9,13,0,3,0,Sunday,35,9,17362
10/25/20 13:00,1,2020,7,BUF,NYJ,AWAY,18,10,28,MetLife Stadium,0,6,6,6,0,Sunday,4,24,17361
10/25/20 13:00,1,2020,7,NYJ,BUF,HOME,10,18,28,MetLife Stadium,3,7,0,0,0,Sunday,24,4,17361
10/25/20 13:00,1,2020,7,CAR,NO,AWAY,24,27,51,Mercedes-Benz Superdome,3,14,7,0,0,Sunday,5,22,17360
10/25/20 13:00,1,2020,7,NO,CAR,HOME,27,24,51,Mercedes-Benz Superdome,7,14,3,3,0,Sunday,22,5,17360
10/25/20 13:00,1,2020,7,PIT,TEN,AWAY,27,24,51,Nissan Stadium,7,17,3,0,0,Sunday,28,34,17576
10/25/20 13:00,1,2020,7,TEN,PIT,HOME,24,27,51,Nissan Stadium,0,7,10,7,0,Sunday,34,28,17576
10/25/20 13:00,1,2020,7,CLE,CIN,AWAY,37,34,71,Paul Brown Stadium,3,7,7,20,0,Sunday,8,7,17358
10/25/20 13:00,1,2020,7,CIN,CLE,HOME,34,37,71,Paul Brown Stadium,7,10,3,14,0,Sunday,7,8,17358
10/25/20 13:00,1,2020,7,DET,ATL,AWAY,23,22,45,Mercedes-Benz Stadium,7,3,3,10,0,Sunday,11,2,17357
10/25/20 13:00,1,2020,7,ATL,DET,HOME,22,23,45,Mercedes-Benz Stadium,0,14,0,8,0,Sunday,2,11,17357
10/25/20 16:05,1,2020,7,TB,LV,AWAY,45,20,65,Allegiant Stadium,7,14,3,21,0,Sunday,33,25,17368
10/25/20 16:05,1,2020,7,LV,TB,HOME,20,45,65,Allegiant Stadium,7,3,7,3,0,Sunday,25,33,17368
10/25/20 16:25,1,2020,7,KC,DEN,AWAY,43,16,59,Empower Field at Mile High,10,14,6,13,0,Sunday,16,10,17366
10/25/20 16:25,1,2020,7,DEN,KC,HOME,16,43,59,Empower Field at Mile High,6,3,0,7,0,Sunday,10,16,17366
10/25/20 16:25,1,2020,7,JAX,LAC,AWAY,29,39,68,SoFi Stadium,0,14,15,0,0,Sunday,15,29,17640
10/25/20 16:25,1,2020,7,LAC,JAX,HOME,39,29,68,SoFi Stadium,9,7,20,3,0,Sunday,29,15,17640
10/25/20 16:25,1,2020,7,SF,NE,AWAY,33,6,39,Gillette Stadium,7,16,7,3,0,Sunday,31,21,17367
10/25/20 16:25,1,2020,7,NE,SF,HOME,6,33,39,Gillette Stadium,0,3,3,0,0,Sunday,21,31,17367
10/25/20 20:20,1,2020,7,SEA,ARI,AWAY,34,37,71,State Farm Stadium,10,17,0,7,0,Sunday,30,1,17365
10/25/20 20:20,1,2020,7,ARI,SEA,HOME,37,34,71,State Farm Stadium,7,10,7,10,3,Sunday,1,30,17365
10/26/20 20:15,1,2020,7,CHI,LAR,AWAY,10,24,34,SoFi Stadium,0,3,0,7,0,Monday,6,32,17369
10/26/20 20:15,1,2020,7,LAR,CHI,HOME,24,10,34,SoFi Stadium,7,3,14,0,0,Monday,32,6,17369
10/29/20 20:20,1,2020,8,ATL,CAR,AWAY,25,17,42,Bank of America Stadium,6,10,3,6,0,Thursday,2,5,17370
10/29/20 20:20,1,2020,8,CAR,ATL,HOME,17,25,42,Bank of America Stadium,7,7,3,0,0,Thursday,5,2,17370
11/1/20 13:00,1,2020,8,LAR,MIA,AWAY,17,28,45,Hard Rock Stadium,7,3,0,7,0,Sunday,32,19,17377
11/1/20 13:00,1,2020,8,MIA,LAR,HOME,28,17,45,Hard Rock Stadium,7,21,0,0,0,Sunday,19,32,17377
11/1/20 13:00,1,2020,8,LV,CLE,AWAY,16,6,22,FirstEnergy Stadium,0,6,0,10,0,Sunday,25,8,17373
11/1/20 13:00,1,2020,8,CLE,LV,HOME,6,16,22,FirstEnergy Stadium,0,3,3,0,0,Sunday,8,25,17373
11/1/20 13:00,1,2020,8,NE,BUF,AWAY,21,24,45,Bills Stadium,0,6,8,7,0,Sunday,21,4,17371
11/1/20 13:00,1,2020,8,BUF,NE,HOME,24,21,45,Bills Stadium,7,0,7,10,0,Sunday,4,21,17371
11/1/20 13:00,1,2020,8,TEN,CIN,AWAY,20,31,51,Paul Brown Stadium,0,7,0,13,0,Sunday,34,7,17372
11/1/20 13:00,1,2020,8,CIN,TEN,HOME,31,20,51,Paul Brown Stadium,3,14,0,14,0,Sunday,7,34,17372
11/1/20 13:00,1,2020,8,PIT,BAL,AWAY,28,24,52,M&T Bank Stadium,7,0,14,7,0,Sunday,28,3,17577
11/1/20 13:00,1,2020,8,BAL,PIT,HOME,24,28,52,M&T Bank Stadium,7,10,0,7,0,Sunday,3,28,17577
11/1/20 13:00,1,2020,8,IND,DET,AWAY,41,21,62,Ford Field,0,20,0,21,0,Sunday,14,11,17374
11/1/20 13:00,1,2020,8,DET,IND,HOME,21,41,62,Ford Field,7,0,7,7,0,Sunday,11,14,17374
11/1/20 13:00,1,2020,8,MIN,GB,AWAY,28,22,50,Lambeau Field,7,7,14,0,0,Sunday,20,12,17375
11/1/20 13:00,1,2020,8,GB,MIN,HOME,22,28,50,Lambeau Field,7,7,0,8,0,Sunday,12,20,17375
11/1/20 13:00,1,2020,8,NYJ,KC,AWAY,9,35,44,Arrowhead Stadium,3,6,0,0,0,Sunday,24,16,17376
11/1/20 13:00,1,2020,8,KC,NYJ,HOME,35,9,44,Arrowhead Stadium,14,7,7,7,0,Sunday,16,24,17376
11/1/20 16:05,1,2020,8,LAC,DEN,AWAY,30,31,61,Empower Field at Mile High,0,14,10,6,0,Sunday,29,10,17641
11/1/20 16:05,1,2020,8,DEN,LAC,HOME,31,30,61,Empower Field at Mile High,3,0,7,21,0,Sunday,10,29,17641
11/1/20 16:25,1,2020,8,SF,SEA,AWAY,27,37,64,CenturyLink Field,0,7,0,20,0,Sunday,31,30,17380
11/1/20 16:25,1,2020,8,SEA,SF,HOME,37,27,64,CenturyLink Field,6,7,14,10,0,Sunday,30,31,17380
11/1/20 16:25,1,2020,8,NO,CHI,AWAY,26,23,49,Soldier Field,3,7,6,7,3,Sunday,22,6,17379
11/1/20 16:25,1,2020,8,CHI,NO,HOME,23,26,49,Soldier Field,3,10,0,10,0,Sunday,6,22,17379
11/1/20 20:20,1,2020,8,DAL,PHI,AWAY,9,23,32,Lincoln Financial Field,3,6,0,0,0,Sunday,9,26,17381
11/1/20 20:20,1,2020,8,PHI,DAL,HOME,23,9,32,Lincoln Financial Field,7,0,8,8,0,Sunday,26,9,17381
11/2/20 20:15,1,2020,8,TB,NYG,AWAY,25,23,48,MetLife Stadium,3,3,9,10,0,Monday,33,23,17382
11/2/20 20:15,1,2020,8,NYG,TB,HOME,23,25,48,MetLife Stadium,7,7,3,6,0,Monday,23,33,17382
11/5/20 20:20,1,2020,9,GB,SF,AWAY,34,17,51,Levi's Stadium,7,14,10,3,0,Thursday,12,31,17383
11/5/20 20:20,1,2020,9,SF,GB,HOME,17,34,51,Levi's Stadium,3,0,0,14,0,Thursday,31,12,17383
11/8/20 13:00,1,2020,9,BAL,IND,AWAY,24,10,34,Lucas Oil Stadium,7,0,7,10,0,Sunday,3,14,17387
11/8/20 13:00,1,2020,9,IND,BAL,HOME,10,24,34,Lucas Oil Stadium,7,3,0,0,0,Sunday,14,3,17387
11/8/20 13:00,1,2020,9,SEA,BUF,AWAY,34,44,78,Bills Stadium,0,10,10,14,0,Sunday,30,4,17385
11/8/20 13:00,1,2020,9,BUF,SEA,HOME,44,34,78,Bills Stadium,14,10,3,17,0,Sunday,4,30,17385
11/8/20 13:00,1,2020,9,DET,MIN,AWAY,20,34,54,U.S. Bank Stadium,0,10,0,10,0,Sunday,11,20,17389
11/8/20 13:00,1,2020,9,MIN,DET,HOME,34,20,54,U.S. Bank Stadium,13,7,7,7,0,Sunday,20,11,17389
11/8/20 13:00,1,2020,9,DEN,ATL,AWAY,27,34,61,Mercedes-Benz Stadium,0,3,3,21,0,Sunday,10,2,17384
11/8/20 13:00,1,2020,9,ATL,DEN,HOME,34,27,61,Mercedes-Benz Stadium,10,10,7,7,0,Sunday,2,10,17384
11/8/20 13:00,1,2020,9,HOU,JAX,AWAY,27,25,52,TIAA Bank Field,10,10,7,0,0,Sunday,13,15,17391
11/8/20 13:00,1,2020,9,JAX,HOU,HOME,25,27,52,TIAA Bank Field,7,9,3,6,0,Sunday,15,13,17391
11/8/20 13:00,1,2020,9,CAR,KC,AWAY,31,33,64,Arrowhead Stadium,7,10,0,14,0,Sunday,5,16,17388
11/8/20 13:00,1,2020,9,KC,CAR,HOME,33,31,64,Arrowhead Stadium,3,10,7,13,0,Sunday,16,5,17388
11/8/20 13:00,1,2020,9,CHI,TEN,AWAY,17,24,41,Nissan Stadium,0,0,0,17,0,Sunday,6,34,17386
11/8/20 13:00,1,2020,9,TEN,CHI,HOME,24,17,41,Nissan Stadium,3,7,7,7,0,Sunday,34,6,17386
11/8/20 13:00,1,2020,9,NYG,WAS,AWAY,23,20,43,FedEx Field,10,10,3,0,0,Sunday,23,35,17390
11/8/20 13:00,1,2020,9,WAS,NYG,HOME,20,23,43,FedEx Field,0,3,7,10,0,Sunday,35,23,17390
11/8/20 16:05,1,2020,9,LV,LAC,AWAY,31,26,57,SoFi Stadium,7,7,14,3,0,Sunday,25,29,17392
11/8/20 16:05,1,2020,9,LAC,LV,HOME,26,31,57,SoFi Stadium,0,17,3,6,0,Sunday,29,25,17392
11/8/20 16:25,1,2020,9,PIT,DAL,AWAY,24,19,43,AT&T Stadium,0,9,0,15,0,Sunday,28,9,17393
11/8/20 16:25,1,2020,9,DAL,PIT,HOME,19,24,43,AT&T Stadium,3,10,6,0,0,Sunday,9,28,17393
11/8/20 16:25,1,2020,9,MIA,ARI,AWAY,34,31,65,State Farm Stadium,14,10,0,10,0,Sunday,19,1,17394
11/8/20 16:25,1,2020,9,ARI,MIA,HOME,31,34,65,State Farm Stadium,7,10,14,0,0,Sunday,1,19,17394
11/8/20 20:20,1,2020,9,NO,TB,AWAY,38,3,41,Raymond James Stadium,14,17,0,7,0,Sunday,22,33,17395
11/8/20 20:20,1,2020,9,TB,NO,HOME,3,38,41,Raymond James Stadium,0,0,0,3,0,Sunday,33,22,17395
11/9/20 20:15,1,2020,9,NE,NYJ,AWAY,30,27,57,MetLife Stadium,7,3,7,13,0,Monday,21,24,17396
11/9/20 20:15,1,2020,9,NYJ,NE,HOME,27,30,57,MetLife Stadium,3,17,7,0,0,Monday,24,21,17396
11/12/20 20:20,1,2020,10,IND,TEN,AWAY,34,17,51,Nissan Stadium,3,10,14,7,0,Thursday,14,34,17397
11/12/20 20:20,1,2020,10,TEN,IND,HOME,17,34,51,Nissan Stadium,7,10,0,0,0,Thursday,34,14,17397
11/15/20 13:00,1,2020,10,PHI,NYG,AWAY,17,27,44,MetLife Stadium,3,0,14,0,0,Sunday,26,23,17401
11/15/20 13:00,1,2020,10,NYG,PHI,HOME,27,17,44,MetLife Stadium,7,7,7,6,0,Sunday,23,26,17401
11/15/20 13:00,1,2020,10,TB,CAR,AWAY,46,23,69,Bank of America Stadium,7,10,12,17,0,Sunday,33,5,17403
11/15/20 13:00,1,2020,10,CAR,TB,HOME,23,46,69,Bank of America Stadium,14,3,0,6,0,Sunday,5,33,17403
11/15/20 13:00,1,2020,10,HOU,CLE,AWAY,7,10,17,FirstEnergy Stadium,0,0,0,7,0,Sunday,13,8,17398
11/15/20 13:00,1,2020,10,CLE,HOU,HOME,10,7,17,FirstEnergy Stadium,3,0,0,7,0,Sunday,8,13,17398
11/15/20 13:00,1,2020,10,WAS,DET,AWAY,27,30,57,Ford Field,3,0,7,17,0,Sunday,35,11,17399
11/15/20 13:00,1,2020,10,DET,WAS,HOME,30,27,57,Ford Field,7,10,7,6,0,Sunday,11,35,17399
11/15/20 13:00,1,2020,10,JAX,GB,AWAY,20,24,44,Lambeau Field,3,7,7,3,0,Sunday,15,12,17400
11/15/20 13:00,1,2020,10,GB,JAX,HOME,24,20,44,Lambeau Field,0,17,0,7,0,Sunday,12,15,17400
11/15/20 16:05,1,2020,10,BUF,ARI,AWAY,30,32,62,State Farm Stadium,7,9,7,7,0,Sunday,4,1,17406
11/15/20 16:05,1,2020,10,ARI,BUF,HOME,32,30,62,State Farm Stadium,3,6,17,6,0,Sunday,1,4,17406
11/15/20 16:05,1,2020,10,DEN,LV,AWAY,12,37,49,Allegiant Stadium,3,3,0,6,0,Sunday,10,25,17404
11/15/20 16:05,1,2020,10,LV,DEN,HOME,37,12,49,Allegiant Stadium,7,3,10,17,0,Sunday,25,10,17404
11/15/20 16:05,1,2020,10,LAC,MIA,AWAY,21,29,50,Hard Rock Stadium,0,7,7,7,0,Sunday,29,19,17643
11/15/20 16:05,1,2020,10,MIA,LAC,HOME,29,21,50,Hard Rock Stadium,14,3,3,9,0,Sunday,19,29,17643
11/15/20 16:25,1,2020,10,SEA,LAR,AWAY,16,23,39,SoFi Stadium,7,6,0,3,0,Sunday,30,32,17407
11/15/20 16:25,1,2020,10,LAR,SEA,HOME,23,16,39,SoFi Stadium,10,7,6,0,0,Sunday,32,30,17407
11/15/20 16:25,1,2020,10,SF,NO,AWAY,13,27,40,Mercedes-Benz Superdome,7,3,0,3,0,Sunday,31,22,17408
11/15/20 16:25,1,2020,10,NO,SF,HOME,27,13,40,Mercedes-Benz Superdome,0,17,0,10,0,Sunday,22,31,17408
11/15/20 16:25,1,2020,10,CIN,PIT,AWAY,10,36,46,Heinz Field,0,7,0,3,0,Sunday,7,28,17402
11/15/20 16:25,1,2020,10,PIT,CIN,HOME,36,10,46,Heinz Field,12,10,7,7,0,Sunday,28,7,17402
11/15/20 20:20,1,2020,10,BAL,NE,AWAY,17,23,40,Gillette Stadium,0,10,7,0,0,Sunday,3,21,17409
11/15/20 20:20,1,2020,10,NE,BAL,HOME,23,17,40,Gillette Stadium,0,13,10,0,0,Sunday,21,3,17409
11/16/20 20:15,1,2020,10,MIN,CHI,AWAY,19,13,32,Soldier Field,7,0,6,6,0,Monday,20,6,17410
11/16/20 20:15,1,2020,10,CHI,MIN,HOME,13,19,32,Soldier Field,3,3,7,0,0,Monday,6,20,17410
11/19/20 20:20,1,2020,11,ARI,SEA,AWAY,21,28,49,Lumen Field,0,7,7,7,0,Thursday,1,30,17411
11/19/20 20:20,1,2020,11,SEA,ARI,HOME,28,21,49,Lumen Field,7,9,7,5,0,Thursday,30,1,17411
11/22/20 13:00,1,2020,11,PIT,JAX,AWAY,27,3,30,TIAA Bank Field,0,17,0,10,0,Sunday,28,15,17417
11/22/20 13:00,1,2020,11,JAX,PIT,HOME,3,27,30,TIAA Bank Field,3,0,0,0,0,Sunday,15,28,17417
11/22/20 13:00,1,2020,11,TEN,BAL,AWAY,30,24,54,M&T Bank Stadium,7,3,3,11,6,Sunday,34,3,17418
11/22/20 13:00,1,2020,11,BAL,TEN,HOME,24,30,54,M&T Bank Stadium,3,11,7,3,0,Sunday,3,34,17418
11/22/20 13:00,1,2020,11,PHI,CLE,AWAY,17,22,39,FirstEnergy Stadium,0,0,7,10,0,Sunday,26,8,17412
11/22/20 13:00,1,2020,11,CLE,PHI,HOME,22,17,39,FirstEnergy Stadium,0,7,5,10,0,Sunday,8,26,17412
11/22/20 13:00,1,2020,11,NE,HOU,AWAY,20,27,47,NRG Stadium,7,3,7,3,0,Sunday,21,13,17419
11/22/20 13:00,1,2020,11,HOU,NE,HOME,27,20,47,NRG Stadium,7,14,3,3,0,Sunday,13,21,17419
11/22/20 13:00,1,2020,11,ATL,NO,AWAY,9,24,33,Mercedes-Benz Superdome,3,6,0,0,0,Sunday,2,22,17414
11/22/20 13:00,1,2020,11,NO,ATL,HOME,24,9,33,Mercedes-Benz Superdome,3,7,7,7,0,Sunday,22,2,17414
11/22/20 13:00,1,2020,11,CIN,WAS,AWAY,9,20,29,FedEx Field,0,9,0,0,0,Sunday,7,35,17415
11/22/20 13:00,1,2020,11,WAS,CIN,HOME,20,9,29,FedEx Field,7,0,10,3,0,Sunday,35,7,17415
11/22/20 13:00,1,2020,11,DET,CAR,AWAY,0,20,20,Bank of America Stadium,0,0,0,0,0,Sunday,11,5,17416
11/22/20 13:00,1,2020,11,CAR,DET,HOME,20,0,20,Bank of America Stadium,7,0,10,3,0,Sunday,5,11,17416
11/22/20 16:05,1,2020,11,MIA,DEN,AWAY,13,20,33,Empower Field at Mile High,7,3,0,3,0,Sunday,19,10,17644
11/22/20 16:05,1,2020,11,DEN,MIA,HOME,20,13,33,Empower Field at Mile High,7,6,7,0,0,Sunday,10,19,17644
11/22/20 16:05,1,2020,11,NYJ,LAC,AWAY,28,34,62,SoFi Stadium,6,0,13,9,0,Sunday,24,29,17645
11/22/20 16:05,1,2020,11,LAC,NYJ,HOME,34,28,62,SoFi Stadium,7,17,7,3,0,Sunday,29,24,17645
11/22/20 16:25,1,2020,11,GB,IND,AWAY,31,34,65,Lucas Oil Stadium,7,21,0,3,0,Sunday,12,14,17413
11/22/20 16:25,1,2020,11,IND,GB,HOME,34,31,65,Lucas Oil Stadium,7,7,11,6,3,Sunday,14,12,17413
11/22/20 16:25,1,2020,11,DAL,MIN,AWAY,31,28,59,U.S. Bank Stadium,6,10,0,15,0,Sunday,9,20,17421
11/22/20 16:25,1,2020,11,MIN,DAL,HOME,28,31,59,U.S. Bank Stadium,7,0,7,14,0,Sunday,20,9,17421
11/22/20 20:20,1,2020,11,KC,LV,AWAY,35,31,66,Allegiant Stadium,7,7,7,14,0,Sunday,16,25,17422
11/22/20 20:20,1,2020,11,LV,KC,HOME,31,35,66,Allegiant Stadium,14,3,0,14,0,Sunday,25,16,17422
11/23/20 20:15,1,2020,11,LAR,TB,AWAY,27,24,51,Raymond James Stadium,7,10,7,3,0,Monday,32,33,17423
11/23/20 20:15,1,2020,11,TB,LAR,HOME,24,27,51,Raymond James Stadium,0,14,3,7,0,Monday,33,32,17423
11/26/20 12:30,1,2020,12,HOU,DET,AWAY,41,25,66,Ford Field,13,10,3,15,0,Thursday,13,11,17424
11/26/20 12:30,1,2020,12,DET,HOU,HOME,25,41,66,Ford Field,7,7,3,8,0,Thursday,11,13,17424
11/26/20 16:30,1,2020,12,WAS,DAL,AWAY,41,16,57,AT&T Stadium,7,10,3,21,0,Thursday,35,9,17425
11/26/20 16:30,1,2020,12,DAL,WAS,HOME,16,41,57,AT&T Stadium,3,10,3,0,0,Thursday,9,35,17425
11/29/20 13:00,1,2020,12,CLE,JAX,AWAY,27,25,52,TIAA Bank Field,7,10,3,7,0,Sunday,8,15,17434
11/29/20 13:00,1,2020,12,JAX,CLE,HOME,25,27,52,TIAA Bank Field,3,10,6,6,0,Sunday,15,8,17434
11/29/20 13:00,1,2020,12,MIA,NYJ,AWAY,20,3,23,MetLife Stadium,3,10,0,7,0,Sunday,19,24,17433
11/29/20 13:00,1,2020,12,NYJ,MIA,HOME,3,20,23,MetLife Stadium,3,0,0,0,0,Sunday,24,19,17433
11/29/20 13:00,1,2020,12,TEN,IND,AWAY,45,26,71,Lucas Oil Stadium,14,21,3,7,0,Sunday,34,14,17430
11/29/20 13:00,1,2020,12,IND,TEN,HOME,26,45,71,Lucas Oil Stadium,7,7,0,12,0,Sunday,14,34,17430
11/29/20 13:00,1,2020,12,LV,ATL,AWAY,6,43,49,Mercedes-Benz Stadium,0,3,3,0,0,Sunday,25,2,17427
11/29/20 13:00,1,2020,12,ATL,LV,HOME,43,6,49,Mercedes-Benz Stadium,6,10,14,13,0,Sunday,2,25,17427
11/29/20 13:00,1,2020,12,CAR,MIN,AWAY,27,28,55,U.S. Bank Stadium,0,7,14,6,0,Sunday,5,20,17431
11/29/20 13:00,1,2020,12,MIN,CAR,HOME,28,27,55,U.S. Bank Stadium,7,3,0,18,0,Sunday,20,5,17431
11/29/20 13:00,1,2020,12,ARI,NE,AWAY,17,20,37,Gillette Stadium,10,0,0,7,0,Sunday,1,21,17432
11/29/20 13:00,1,2020,12,NE,ARI,HOME,20,17,37,Gillette Stadium,0,7,10,3,0,Sunday,21,1,17432
11/29/20 13:00,1,2020,12,LAC,BUF,AWAY,17,27,44,Bills Stadium,6,0,8,3,0,Sunday,29,4,17428
11/29/20 13:00,1,2020,12,BUF,LAC,HOME,27,17,44,Bills Stadium,7,10,7,3,0,Sunday,4,29,17428
11/29/20 13:00,1,2020,12,NYG,CIN,AWAY,19,17,36,Paul Brown Stadium,7,3,3,6,0,Sunday,23,7,17429
11/29/20 13:00,1,2020,12,CIN,NYG,HOME,17,19,36,Paul Brown Stadium,7,3,0,7,0,Sunday,7,23,17429
11/29/20 16:05,1,2020,12,NO,DEN,AWAY,31,3,34,Empower Field at Mile High,0,17,7,7,0,Sunday,22,10,17435
11/29/20 16:05,1,2020,12,DEN,NO,HOME,3,31,34,Empower Field at Mile High,0,0,3,0,0,Sunday,10,22,17435
11/29/20 16:05,1,2020,12,SF,LAR,AWAY,23,20,43,SoFi Stadium,7,0,10,6,0,Sunday,31,32,17436
11/29/20 16:05,1,2020,12,LAR,SF,HOME,20,23,43,SoFi Stadium,3,0,10,7,0,Sunday,32,31,17436
11/29/20 16:25,1,2020,12,KC,TB,AWAY,27,24,51,Raymond James Stadium,17,3,7,0,0,Sunday,16,33,17437
11/29/20 16:25,1,2020,12,TB,KC,HOME,24,27,51,Raymond James Stadium,0,7,3,14,0,Sunday,33,16,17437
11/29/20 20:20,1,2020,12,CHI,GB,AWAY,25,41,66,Lambeau Field,3,7,0,15,0,Sunday,6,12,17438
11/29/20 20:20,1,2020,12,GB,CHI,HOME,41,25,66,Lambeau Field,6,21,14,0,0,Sunday,12,6,17438
11/30/20 20:15,1,2020,12,SEA,PHI,AWAY,23,17,40,Lincoln Financial Field,0,14,3,6,0,Monday,30,26,17439
11/30/20 20:15,1,2020,12,PHI,SEA,HOME,17,23,40,Lincoln Financial Field,0,6,3,8,0,Monday,26,30,17439
12/2/20 15:40,1,2020,12,BAL,PIT,AWAY,14,19,33,Heinz Field,7,0,0,7,0,Wednesday,3,28,17426
12/2/20 15:40,1,2020,12,PIT,BAL,HOME,19,14,33,Heinz Field,6,6,0,7,0,Wednesday,28,3,17426
12/6/20 13:00,1,2020,13,CLE,TEN,AWAY,41,35,76,Nissan Stadium,10,28,3,0,0,Sunday,8,34,17443
12/6/20 13:00,1,2020,13,TEN,CLE,HOME,35,41,76,Nissan Stadium,0,7,14,14,0,Sunday,34,8,17443
12/6/20 13:00,1,2020,13,CIN,MIA,AWAY,7,19,26,Hard Rock Stadium,7,0,0,0,0,Sunday,7,19,17444
12/6/20 13:00,1,2020,13,MIA,CIN,HOME,19,7,26,Hard Rock Stadium,0,6,10,3,0,Sunday,19,7,17444
12/6/20 13:00,1,2020,13,NO,ATL,AWAY,21,16,37,Mercedes-Benz Stadium,7,7,7,0,0,Sunday,22,2,17441
12/6/20 13:00,1,2020,13,ATL,NO,HOME,16,21,37,Mercedes-Benz Stadium,3,6,0,7,0,Sunday,2,22,17441
12/6/20 13:00,1,2020,13,LV,NYJ,AWAY,31,28,59,MetLife Stadium,7,10,7,7,0,Sunday,25,24,17446
12/6/20 13:00,1,2020,13,NYJ,LV,HOME,28,31,59,MetLife Stadium,7,6,0,15,0,Sunday,24,25,17446
12/6/20 13:00,1,2020,13,DET,CHI,AWAY,34,30,64,Soldier Field,6,7,7,14,0,Sunday,11,6,17442
12/6/20 13:00,1,2020,13,CHI,DET,HOME,30,34,64,Soldier Field,9,14,0,7,0,Sunday,6,11,17442
12/6/20 13:00,1,2020,13,IND,HOU,AWAY,26,20,46,NRG Stadium,14,10,0,2,0,Sunday,14,13,17448
12/6/20 13:00,1,2020,13,HOU,IND,HOME,20,26,46,NRG Stadium,10,10,0,0,0,Sunday,13,14,17448
12/6/20 13:00,1,2020,13,JAX,MIN,AWAY,24,27,51,U.S. Bank Stadium,9,0,7,8,0,Sunday,15,20,17445
12/6/20 13:00,1,2020,13,MIN,JAX,HOME,27,24,51,U.S. Bank Stadium,0,6,13,5,3,Sunday,20,15,17445
12/6/20 16:05,1,2020,13,NYG,SEA,AWAY,17,12,29,Lumen Field,0,0,14,3,0,Sunday,23,30,17450
12/6/20 16:05,1,2020,13,SEA,NYG,HOME,12,17,29,Lumen Field,3,2,0,7,0,Sunday,30,23,17450
12/6/20 16:05,1,2020,13,LAR,ARI,AWAY,38,28,66,State Farm Stadium,0,14,3,21,0,Sunday,32,1,17449
12/6/20 16:05,1,2020,13,ARI,LAR,HOME,28,38,66,State Farm Stadium,7,0,7,14,0,Sunday,1,32,17449
12/6/20 16:25,1,2020,13,PHI,GB,AWAY,16,30,46,Lambeau Field,3,0,0,13,0,Sunday,26,12,17451
12/6/20 16:25,1,2020,13,GB,PHI,HOME,30,16,46,Lambeau Field,0,14,6,10,0,Sunday,12,26,17451
12/6/20 16:25,1,2020,13,NE,LAC,AWAY,45,0,45,SoFi Stadium,7,21,7,10,0,Sunday,21,29,17452
12/6/20 16:25,1,2020,13,LAC,NE,HOME,0,45,45,SoFi Stadium,0,0,0,0,0,Sunday,29,21,17452
12/6/20 20:20,1,2020,13,DEN,KC,AWAY,16,22,38,Arrowhead Stadium,3,7,6,0,0,Sunday,10,16,17453
12/6/20 20:20,1,2020,13,KC,DEN,HOME,22,16,38,Arrowhead Stadium,3,6,10,3,0,Sunday,16,10,17453
12/7/20 17:00,1,2020,13,WAS,PIT,AWAY,23,17,40,Heinz Field,0,3,7,13,0,Monday,35,28,17447
12/7/20 17:00,1,2020,13,PIT,WAS,HOME,17,23,40,Heinz Field,0,14,0,3,0,Monday,28,35,17447
12/7/20 20:15,1,2020,13,BUF,SF,AWAY,34,24,58,State Farm Stadium,0,17,10,7,0,Monday,4,31,17454
12/7/20 20:15,1,2020,13,SF,BUF,HOME,24,34,58,State Farm Stadium,7,0,10,7,0,Monday,31,4,17454
12/8/20 20:05,1,2020,13,DAL,BAL,AWAY,17,34,51,M&T Bank Stadium,3,7,0,7,0,Tuesday,9,3,17440
12/8/20 20:05,1,2020,13,BAL,DAL,HOME,34,17,51,M&T Bank Stadium,7,10,7,10,0,Tuesday,3,9,17440
12/10/20 20:20,1,2020,14,NE,LAR,AWAY,3,24,27,SoFi Stadium,0,3,0,0,0,Thursday,21,32,17455
12/10/20 20:20,1,2020,14,LAR,NE,HOME,24,3,27,SoFi Stadium,10,7,7,0,0,Thursday,32,21,17455
12/13/20 13:00,1,2020,14,TEN,JAX,AWAY,31,10,41,TIAA Bank Field,7,10,14,0,0,Sunday,34,15,17463
12/13/20 13:00,1,2020,14,JAX,TEN,HOME,10,31,41,TIAA Bank Field,0,3,7,0,0,Sunday,15,34,17463
12/13/20 13:00,1,2020,14,DEN,CAR,AWAY,32,27,59,Bank of America Stadium,6,7,12,7,0,Sunday,10,5,17462
12/13/20 13:00,1,2020,14,CAR,DEN,HOME,27,32,59,Bank of America Stadium,0,7,3,17,0,Sunday,5,10,17462
12/13/20 13:00,1,2020,14,HOU,CHI,AWAY,7,36,43,Soldier Field,0,7,0,0,0,Sunday,13,6,17456
12/13/20 13:00,1,2020,14,CHI,HOU,HOME,36,7,43,Soldier Field,7,23,3,3,0,Sunday,6,13,17456
12/13/20 13:00,1,2020,14,DAL,CIN,AWAY,30,7,37,Paul Brown Stadium,10,7,3,10,0,Sunday,9,7,17457
12/13/20 13:00,1,2020,14,CIN,DAL,HOME,7,30,37,Paul Brown Stadium,0,7,0,0,0,Sunday,7,9,17457
12/13/20 13:00,1,2020,14,KC,MIA,AWAY,33,27,60,Hard Rock Stadium,0,14,16,3,0,Sunday,16,19,17459
12/13/20 13:00,1,2020,14,MIA,KC,HOME,27,33,60,Hard Rock Stadium,7,3,0,17,0,Sunday,19,16,17459
12/13/20 13:00,1,2020,14,ARI,NYG,AWAY,26,7,33,MetLife Stadium,3,10,7,6,0,Sunday,1,23,17460
12/13/20 13:00,1,2020,14,NYG,ARI,HOME,7,26,33,MetLife Stadium,0,0,7,0,0,Sunday,23,1,17460
12/13/20 13:00,1,2020,14,MIN,TB,AWAY,14,26,40,Raymond James Stadium,0,6,8,0,0,Sunday,20,33,17461
12/13/20 13:00,1,2020,14,TB,MIN,HOME,26,14,40,Raymond James Stadium,0,17,6,3,0,Sunday,33,20,17461
12/13/20 16:05,1,2020,14,IND,LV,AWAY,44,27,71,Allegiant Stadium,10,10,7,17,0,Sunday,14,25,17464
12/13/20 16:05,1,2020,14,LV,IND,HOME,27,44,71,Allegiant Stadium,7,7,6,7,0,Sunday,25,14,17464
12/13/20 16:05,1,2020,14,NYJ,SEA,AWAY,3,40,43,Lumen Field,3,0,0,0,0,Sunday,24,30,17465
12/13/20 16:05,1,2020,14,SEA,NYJ,HOME,40,3,43,Lumen Field,7,16,14,3,0,Sunday,30,24,17465
12/13/20 16:25,1,2020,14,NO,PHI,AWAY,21,24,45,Lincoln Financial Field,0,0,14,7,0,Sunday,22,26,17466
12/13/20 16:25,1,2020,14,PHI,NO,HOME,24,21,45,Lincoln Financial Field,0,17,0,7,0,Sunday,26,22,17466
12/13/20 16:25,1,2020,14,GB,DET,AWAY,31,24,55,Ford Field,7,7,7,10,0,Sunday,12,11,17458
12/13/20 16:25,1,2020,14,DET,GB,HOME,24,31,55,Ford Field,7,7,0,10,0,Sunday,11,12,17458
12/13/20 16:25,1,2020,14,ATL,LAC,AWAY,17,20,37,SoFi Stadium,7,10,0,0,0,Sunday,2,29,17467
12/13/20 16:25,1,2020,14,LAC,ATL,HOME,20,17,37,SoFi Stadium,7,3,7,3,0,Sunday,29,2,17467
12/13/20 16:25,1,2020,14,WAS,SF,AWAY,23,15,38,State Farm Stadium,0,13,10,0,0,Sunday,35,31,17468
12/13/20 16:25,1,2020,14,SF,WAS,HOME,15,23,38,State Farm Stadium,7,0,0,8,0,Sunday,31,35,17468
12/13/20 20:20,1,2020,14,PIT,BUF,AWAY,15,26,41,Bills Stadium,0,7,0,8,0,Sunday,28,4,17469
12/13/20 20:20,1,2020,14,BUF,PIT,HOME,26,15,41,Bills Stadium,0,9,14,3,0,Sunday,4,28,17469
12/14/20 20:15,1,2020,14,BAL,CLE,AWAY,47,42,89,FirstEnergy Stadium,7,14,13,13,0,Monday,3,8,17470
12/14/20 20:15,1,2020,14,CLE,BAL,HOME,42,47,89,FirstEnergy Stadium,7,7,6,22,0,Monday,8,3,17470
12/17/20 20:20,1,2020,15,LAC,LV,AWAY,30,27,57,Allegiant Stadium,7,10,7,0,6,Thursday,29,25,17471
12/17/20 20:20,1,2020,15,LV,LAC,HOME,27,30,57,Allegiant Stadium,3,7,7,7,3,Thursday,25,29,17471
12/19/20 16:30,1,2020,15,BUF,DEN,AWAY,48,19,67,Empower Field at Mile High,7,14,17,10,0,Saturday,4,10,17472
12/19/20 16:30,1,2020,15,DEN,BUF,HOME,19,48,67,Empower Field at Mile High,0,13,0,6,0,Saturday,10,4,17472
12/19/20 20:15,1,2020,15,CAR,GB,AWAY,16,24,40,Lambeau Field,3,0,7,6,0,Saturday,5,12,17473
12/19/20 20:15,1,2020,15,GB,CAR,HOME,24,16,40,Lambeau Field,7,14,0,3,0,Saturday,12,5,17473
12/20/20 13:00,1,2020,15,HOU,IND,AWAY,20,27,47,Lucas Oil Stadium,0,10,3,7,0,Sunday,13,14,17475
12/20/20 13:00,1,2020,15,IND,HOU,HOME,27,20,47,Lucas Oil Stadium,14,0,3,10,0,Sunday,14,13,17475
12/20/20 13:00,1,2020,15,DET,TEN,AWAY,25,46,71,Nissan Stadium,7,8,3,7,0,Sunday,11,34,17474
12/20/20 13:00,1,2020,15,TEN,DET,HOME,46,25,71,Nissan Stadium,14,10,0,22,0,Sunday,34,11,17474
12/20/20 13:00,1,2020,15,JAX,BAL,AWAY,14,40,54,M&T Bank Stadium,0,0,7,7,0,Sunday,15,3,17482
12/20/20 13:00,1,2020,15,BAL,JAX,HOME,40,14,54,M&T Bank Stadium,9,17,7,7,0,Sunday,3,15,17482
12/20/20 13:00,1,2020,15,TB,ATL,AWAY,31,27,58,Mercedes-Benz Stadium,0,0,21,10,0,Sunday,33,2,17477
12/20/20 13:00,1,2020,15,ATL,TB,HOME,27,31,58,Mercedes-Benz Stadium,7,10,7,3,0,Sunday,2,33,17477
12/20/20 13:00,1,2020,15,CHI,MIN,AWAY,33,27,60,U.S. Bank Stadium,10,10,7,6,0,Sunday,6,20,17479
12/20/20 13:00,1,2020,15,MIN,CHI,HOME,27,33,60,U.S. Bank Stadium,7,3,10,7,0,Sunday,20,6,17479
12/20/20 13:00,1,2020,15,NE,MIA,AWAY,12,22,34,Hard Rock Stadium,0,6,3,3,0,Sunday,21,19,17478
12/20/20 13:00,1,2020,15,MIA,NE,HOME,22,12,34,Hard Rock Stadium,0,0,7,15,0,Sunday,19,21,17478
12/20/20 13:00,1,2020,15,SEA,WAS,AWAY,20,15,35,FedEx Field,3,10,7,0,0,Sunday,30,35,17481
12/20/20 13:00,1,2020,15,WAS,SEA,HOME,15,20,35,FedEx Field,0,3,0,12,0,Sunday,35,30,17481
12/20/20 13:00,1,2020,15,SF,DAL,AWAY,33,41,74,AT&T Stadium,7,7,10,9,0,Sunday,31,9,17485
12/20/20 13:00,1,2020,15,DAL,SF,HOME,41,33,74,AT&T Stadium,14,3,7,17,0,Sunday,9,31,17485
12/20/20 16:05,1,2020,15,PHI,ARI,AWAY,26,33,59,State Farm Stadium,0,20,6,0,0,Sunday,26,1,17483
12/20/20 16:05,1,2020,15,ARI,PHI,HOME,33,26,59,State Farm Stadium,16,10,0,7,0,Sunday,1,26,17483
12/20/20 16:05,1,2020,15,NYJ,LAR,AWAY,23,20,43,SoFi Stadium,7,6,10,0,0,Sunday,24,32,17476
12/20/20 16:05,1,2020,15,LAR,NYJ,HOME,20,23,43,SoFi Stadium,0,3,7,10,0,Sunday,32,24,17476
12/20/20 16:25,1,2020,15,KC,NO,AWAY,32,29,61,Mercedes-Benz Superdome,7,7,7,11,0,Sunday,16,22,17484
12/20/20 16:25,1,2020,15,NO,KC,HOME,29,32,61,Mercedes-Benz Superdome,0,9,6,14,0,Sunday,22,16,17484
12/20/20 20:20,1,2020,15,CLE,NYG,AWAY,20,6,26,MetLife Stadium,0,13,0,7,0,Sunday,8,23,17480
12/20/20 20:20,1,2020,15,NYG,CLE,HOME,6,20,26,MetLife Stadium,3,0,0,3,0,Sunday,23,8,17480
12/21/20 20:15,1,2020,15,PIT,CIN,AWAY,17,27,44,Paul Brown Stadium,0,0,10,7,0,Monday,28,7,17486
12/21/20 20:15,1,2020,15,CIN,PIT,HOME,27,17,44,Paul Brown Stadium,3,14,0,10,0,Monday,7,28,17486
12/25/20 16:30,1,2020,16,MIN,NO,AWAY,33,52,85,Mercedes-Benz Superdome,7,7,13,6,0,Friday,20,22,17487
12/25/20 16:30,1,2020,16,NO,MIN,HOME,52,33,85,Mercedes-Benz Superdome,14,10,7,21,0,Friday,22,20,17487
12/26/20 13:00,1,2020,16,TB,DET,AWAY,47,7,54,Ford Field,13,21,13,0,0,Saturday,33,11,17488
12/26/20 13:00,1,2020,16,DET,TB,HOME,7,47,54,Ford Field,0,0,7,0,0,Saturday,11,33,17488
12/26/20 16:30,1,2020,16,SF,ARI,AWAY,20,12,32,State Farm Stadium,7,0,7,6,0,Saturday,31,1,17491
12/26/20 16:30,1,2020,16,ARI,SF,HOME,12,20,32,State Farm Stadium,3,3,0,6,0,Saturday,1,31,17491
12/26/20 20:15,1,2020,16,MIA,LV,AWAY,26,25,51,Allegiant Stadium,3,3,7,13,0,Saturday,19,25,17489
12/26/20 20:15,1,2020,16,LV,MIA,HOME,25,26,51,Allegiant Stadium,7,6,3,9,0,Saturday,25,19,17489
12/27/20 13:00,1,2020,16,CHI,JAX,AWAY,41,17,58,TIAA Bank Field,7,6,21,7,0,Sunday,6,15,17496
12/27/20 13:00,1,2020,16,JAX,CHI,HOME,17,41,58,TIAA Bank Field,3,7,0,7,0,Sunday,15,6,17496
12/27/20 13:00,1,2020,16,CLE,NYJ,AWAY,16,23,39,MetLife Stadium,3,0,7,6,0,Sunday,8,24,17490
12/27/20 13:00,1,2020,16,NYJ,CLE,HOME,23,16,39,MetLife Stadium,7,6,7,3,0,Sunday,24,8,17490
12/27/20 13:00,1,2020,16,CIN,HOU,AWAY,37,31,68,NRG Stadium,7,3,14,13,0,Sunday,7,13,17498
12/27/20 13:00,1,2020,16,HOU,CIN,HOME,31,37,68,NRG Stadium,3,7,14,7,0,Sunday,13,7,17498
12/27/20 13:00,1,2020,16,IND,PIT,AWAY,24,28,52,Heinz Field,7,14,3,0,0,Sunday,14,28,17494
12/27/20 13:00,1,2020,16,PIT,IND,HOME,28,24,52,Heinz Field,0,7,7,14,0,Sunday,28,14,17494
12/27/20 13:00,1,2020,16,ATL,KC,AWAY,14,17,31,Arrowhead Stadium,0,7,0,7,0,Sunday,2,16,17493
12/27/20 13:00,1,2020,16,KC,ATL,HOME,17,14,31,Arrowhead Stadium,0,7,0,10,0,Sunday,16,2,17493
12/27/20 13:00,1,2020,16,NYG,BAL,AWAY,13,27,40,M&T Bank Stadium,0,3,3,7,0,Sunday,23,3,17497
12/27/20 13:00,1,2020,16,BAL,NYG,HOME,27,13,40,M&T Bank Stadium,14,6,0,7,0,Sunday,3,23,17497
12/27/20 16:05,1,2020,16,DEN,LAC,AWAY,16,19,35,SoFi Stadium,0,0,3,13,0,Sunday,10,29,17492
12/27/20 16:05,1,2020,16,LAC,DEN,HOME,19,16,35,SoFi Stadium,3,10,0,6,0,Sunday,29,10,17492
12/27/20 16:05,1,2020,16,CAR,WAS,AWAY,20,13,33,FedEx Field,6,14,0,0,0,Sunday,5,35,17495
12/27/20 16:05,1,2020,16,WAS,CAR,HOME,13,20,33,FedEx Field,0,3,3,7,0,Sunday,35,5,17495
12/27/20 16:25,1,2020,16,PHI,DAL,AWAY,17,37,54,AT&T Stadium,14,3,0,0,0,Sunday,26,9,17500
12/27/20 16:25,1,2020,16,DAL,PHI,HOME,37,17,54,AT&T Stadium,3,17,10,7,0,Sunday,9,26,17500
12/27/20 16:25,1,2020,16,LAR,SEA,AWAY,9,20,29,Lumen Field,3,3,0,3,0,Sunday,32,30,17499
12/27/20 16:25,1,2020,16,SEA,LAR,HOME,20,9,29,Lumen Field,0,6,7,7,0,Sunday,30,32,17499
12/27/20 20:20,1,2020,16,TEN,GB,AWAY,14,40,54,Lambeau Field,0,7,7,0,0,Sunday,34,12,17501
12/27/20 20:20,1,2020,16,GB,TEN,HOME,40,14,54,Lambeau Field,6,13,14,7,0,Sunday,12,34,17501
12/28/20 20:15,1,2020,16,BUF,NE,AWAY,38,9,47,Gillette Stadium,3,21,7,7,0,Monday,4,21,17502
12/28/20 20:15,1,2020,16,NE,BUF,HOME,9,38,47,Gillette Stadium,3,6,0,0,0,Monday,21,4,17502
1/3/21 13:00,1,2020,17,MIA,BUF,AWAY,26,56,82,Bills Stadium,3,3,7,13,0,Sunday,19,4,17503
1/3/21 13:00,1,2020,17,BUF,MIA,HOME,56,26,82,Bills Stadium,0,28,7,21,0,Sunday,4,19,17503
1/3/21 13:00,1,2020,17,NYJ,NE,AWAY,14,28,42,Gillette Stadium,0,7,7,0,0,Sunday,24,21,17510
1/3/21 13:00,1,2020,17,NE,NYJ,HOME,28,14,42,Gillette Stadium,7,0,7,14,0,Sunday,21,24,17510
1/3/21 13:00,1,2020,17,PIT,CLE,AWAY,22,24,46,FirstEnergy Stadium,0,6,3,13,0,Sunday,28,8,17506
1/3/21 13:00,1,2020,17,CLE,PIT,HOME,24,22,46,FirstEnergy Stadium,7,3,7,7,0,Sunday,8,28,17506
1/3/21 13:00,1,2020,17,ATL,TB,AWAY,27,44,71,Raymond James Stadium,3,7,10,7,0,Sunday,2,33,17513
1/3/21 13:00,1,2020,17,TB,ATL,HOME,44,27,71,Raymond James Stadium,10,13,0,21,0,Sunday,33,2,17513
1/3/21 13:00,1,2020,17,DAL,NYG,AWAY,19,23,42,MetLife Stadium,3,6,7,3,0,Sunday,9,23,17511
1/3/21 13:00,1,2020,17,NYG,DAL,HOME,23,19,42,MetLife Stadium,6,14,0,3,0,Sunday,23,9,17511
1/3/21 13:00,1,2020,17,BAL,CIN,AWAY,38,3,41,Paul Brown Stadium,10,7,21,0,0,Sunday,3,7,17505
1/3/21 13:00,1,2020,17,CIN,BAL,HOME,3,38,41,Paul Brown Stadium,0,3,0,0,0,Sunday,7,3,17505
1/3/21 13:00,1,2020,17,MIN,DET,AWAY,37,35,72,Ford Field,7,14,10,6,0,Sunday,20,11,17507
1/3/21 13:00,1,2020,17,DET,MIN,HOME,35,37,72,Ford Field,6,10,13,6,0,Sunday,11,20,17507
1/3/21 16:25,1,2020,17,SEA,SF,AWAY,26,23,49,State Farm Stadium,3,3,0,20,0,Sunday,30,31,17518
1/3/21 16:25,1,2020,17,SF,SEA,HOME,23,26,49,State Farm Stadium,0,3,6,14,0,Sunday,31,30,17518
1/3/21 16:25,1,2020,17,ARI,LAR,AWAY,7,18,25,SoFi Stadium,7,0,0,0,0,Sunday,1,32,17517
1/3/21 16:25,1,2020,17,LAR,ARI,HOME,18,7,25,SoFi Stadium,0,12,3,3,0,Sunday,32,1,17517
1/3/21 16:25,1,2020,17,TEN,HOU,AWAY,41,38,79,NRG Stadium,3,14,14,10,0,Sunday,34,13,17515
1/3/21 16:25,1,2020,17,HOU,TEN,HOME,38,41,79,NRG Stadium,3,6,19,10,0,Sunday,13,34,17515
1/3/21 16:25,1,2020,17,GB,CHI,AWAY,35,16,51,Soldier Field,0,21,0,14,0,Sunday,12,6,17504
1/3/21 16:25,1,2020,17,CHI,GB,HOME,16,35,51,Soldier Field,7,6,3,0,0,Sunday,6,12,17504
1/3/21 16:25,1,2020,17,JAX,IND,AWAY,14,28,42,Lucas Oil Stadium,0,7,7,0,0,Sunday,15,14,17508
1/3/21 16:25,1,2020,17,IND,JAX,HOME,28,14,42,Lucas Oil Stadium,10,10,0,8,0,Sunday,14,15,17508
1/3/21 16:25,1,2020,17,LAC,KC,AWAY,38,21,59,Arrowhead Stadium,7,17,7,7,0,Sunday,29,16,17509
1/3/21 16:25,1,2020,17,KC,LAC,HOME,21,38,59,Arrowhead Stadium,7,7,0,7,0,Sunday,16,29,17509
1/3/21 16:25,1,2020,17,LV,DEN,AWAY,32,31,63,Empower Field at Mile High,3,14,0,15,0,Sunday,25,10,17516
1/3/21 16:25,1,2020,17,DEN,LV,HOME,31,32,63,Empower Field at Mile High,10,0,6,15,0,Sunday,10,25,17516
1/3/21 16:25,1,2020,17,NO,CAR,AWAY,33,7,40,Bank of America Stadium,7,9,10,7,0,Sunday,22,5,17514
1/3/21 16:25,1,2020,17,CAR,NO,HOME,7,33,40,Bank of America Stadium,7,0,0,0,0,Sunday,5,22,17514
1/3/21 20:20,1,2020,17,WAS,PHI,AWAY,20,14,34,Lincoln Financial Field,10,7,0,3,0,Sunday,35,26,17512
1/3/21 20:20,1,2020,17,PHI,WAS,HOME,14,20,34,Lincoln Financial Field,0,14,0,0,0,Sunday,26,35,17512
1/9/21 13:05,3,2020,1,IND,BUF,AWAY,24,27,51,Bills Stadium,3,7,0,14,0,Saturday,14,4,17647
1/9/21 13:05,3,2020,1,BUF,IND,HOME,27,24,51,Bills Stadium,7,7,3,10,0,Saturday,4,14,17647
1/9/21 16:40,3,2020,1,LAR,SEA,AWAY,30,20,50,Lumen Field,3,17,0,10,0,Saturday,32,30,17648
1/9/21 16:40,3,2020,1,SEA,LAR,HOME,20,30,50,Lumen Field,0,10,3,7,0,Saturday,30,32,17648
1/9/21 20:15,3,2020,1,TB,WAS,AWAY,31,23,54,FedEx Field,9,9,0,13,0,Saturday,33,35,17649
1/9/21 20:15,3,2020,1,WAS,TB,HOME,23,31,54,FedEx Field,0,7,9,7,0,Saturday,35,33,17649
1/10/21 13:05,3,2020,1,BAL,TEN,AWAY,20,13,33,Nissan Stadium,0,10,7,3,0,Sunday,3,34,17650
1/10/21 13:05,3,2020,1,TEN,BAL,HOME,13,20,33,Nissan Stadium,10,0,0,3,0,Sunday,34,3,17650
1/10/21 16:40,3,2020,1,CHI,NO,AWAY,9,21,30,Mercedes-Benz Superdome,0,3,0,6,0,Sunday,6,22,17651
1/10/21 16:40,3,2020,1,NO,CHI,HOME,21,9,30,Mercedes-Benz Superdome,7,0,7,7,0,Sunday,22,6,17651
1/10/21 20:15,3,2020,1,CLE,PIT,AWAY,48,37,85,Heinz Field,28,7,0,13,0,Sunday,8,28,17652
1/10/21 20:15,3,2020,1,PIT,CLE,HOME,37,48,85,Heinz Field,0,10,13,14,0,Sunday,28,8,17652
1/16/21 16:35,3,2020,2,LAR,GB,AWAY,18,32,50,Lambeau Field,3,7,8,0,0,Saturday,32,12,17653
1/16/21 16:35,3,2020,2,GB,LAR,HOME,32,18,50,Lambeau Field,3,16,6,7,0,Saturday,12,32,17653
1/16/21 20:15,3,2020,2,BAL,BUF,AWAY,3,17,20,Bills Stadium,0,3,0,0,0,Saturday,3,4,17654
1/16/21 20:15,3,2020,2,BUF,BAL,HOME,17,3,20,Bills Stadium,3,0,14,0,0,Saturday,4,3,17654
1/17/21 15:05,3,2020,2,CLE,KC,AWAY,17,22,39,Arrowhead Stadium,3,0,7,7,0,Sunday,8,16,17655
1/17/21 15:05,3,2020,2,KC,CLE,HOME,22,17,39,Arrowhead Stadium,6,13,3,0,0,Sunday,16,8,17655
1/17/21 18:40,3,2020,2,TB,NO,AWAY,30,20,50,Mercedes-Benz Superdome,0,13,7,10,0,Sunday,33,22,17656
1/17/21 18:40,3,2020,2,NO,TB,HOME,20,30,50,Mercedes-Benz Superdome,6,7,7,0,0,Sunday,22,33,17656
1/24/21 15:05,3,2020,3,TB,GB,AWAY,31,26,57,Lambeau Field,7,14,7,3,0,Sunday,33,12,17658
1/24/21 15:05,3,2020,3,GB,TB,HOME,26,31,57,Lambeau Field,0,10,13,3,0,Sunday,12,33,17658
1/24/21 18:40,3,2020,3,BUF,KC,AWAY,24,38,62,Arrowhead Stadium,9,3,3,9,0,Sunday,4,16,17657
1/24/21 18:40,3,2020,3,KC,BUF,HOME,38,24,62,Arrowhead Stadium,0,21,10,7,0,Sunday,16,4,17657
2/7/21 18:30,3,2020,4,KC,TB,AWAY,9,31,40,Raymond James Stadium,3,3,3,0,0,Sunday,16,33,17659
2/7/21 18:30,3,2020,4,TB,KC,HOME,31,9,40,Raymond James Stadium,7,14,10,0,0,Sunday,33,16,17659